Description,"
Model 21 with k-fold cross validation
"
1,0.0067529091611504555
2,0.0067525627091526985
3,0.006752768997102976
4,0.006753021385520697
5,0.006752658635377884
6,0.0067530060186982155
7,0.006752365734428167
8,0.0067527322098612785
9,0.006753084249794483
10,0.006752579472959042
